{"IcoMoonType":"selection","icons":[{"icon":{"paths":["M542.72 138.24c-0.002-65.036-52.724-117.757-117.76-117.757-65.037 0-117.76 52.723-117.76 117.76 0 19.284 4.635 37.486 12.853 53.552l-0.309-0.665c-13.239-7.506-29.079-11.93-45.951-11.93-0.045 0-0.090 0-0.136 0l0.007-0c-56.32 0-102.4 50.432-102.4 112.64-0.002 0.28-0.004 0.611-0.004 0.943 0 30.145 11.283 57.655 29.855 78.537l-0.104-0.12c-6.541-1.593-14.058-2.525-21.788-2.56l-0.024-0c-65.024 0-117.76 64.205-117.76 143.36s52.736 143.36 117.76 143.36c7.834-0.014 15.443-0.947 22.734-2.695l-0.667 0.135c-18.468 20.762-29.751 48.272-29.751 78.417 0 0.331 0.001 0.663 0.004 0.993l-0-0.051c0 62.208 46.080 112.64 102.4 112.64 0.038 0 0.083 0 0.129 0 16.873 0 32.712-4.424 46.422-12.174l-0.471 0.245c-8.067 15.53-12.799 33.908-12.799 53.391 0 65.037 52.723 117.76 117.76 117.76s117.76-52.723 117.76-117.76c0-0.176-0-0.353-0.001-0.529l0 0.027c0-1.741 0-3.43 0-5.12v0-737.28c0-1.69 0-3.379 0-5.12z","M344.371 969.011c21.312 21.312 50.755 34.494 83.277 34.494 65.043 0 117.771-52.728 117.771-117.771 0-32.522-13.182-61.964-34.494-83.277h-65.997","M339.251 54.989c21.218-20.781 50.298-33.606 82.374-33.606 65.037 0 117.76 52.723 117.76 117.76 0 32.063-12.814 61.134-33.601 82.369l0.020-0.021h-56.934","M542.72 486.4h-128l-162.56 152.371","M230.246 443.648l89.498 126.925","M319.744 832.87l61.696-85.35","M319.744 191.949l43.776 69.171v102.4","M778.24 512h-245.76","M547.84 670.72h122.88l61.44 110.95","M547.84 358.4h122.88l61.44-110.95","M957.44 512c0 45.243-36.677 81.92-81.92 81.92s-81.92-36.677-81.92-81.92c0-45.243 36.677-81.92 81.92-81.92s81.92 36.677 81.92 81.92z","M844.8 870.4c0 45.243-36.677 81.92-81.92 81.92s-81.92-36.677-81.92-81.92c0-45.243 36.677-81.92 81.92-81.92s81.92 36.677 81.92 81.92z","M844.8 153.6c0 45.243-36.677 81.92-81.92 81.92s-81.92-36.677-81.92-81.92c0-45.243 36.677-81.92 81.92-81.92s81.92 36.677 81.92 81.92z"],"attrs":[{"fill":"none","strokeLinejoin":"bevel","strokeLinecap":"butt","strokeMiterlimit":"4","strokeWidth":40.96},{"fill":"none","strokeLinejoin":"miter","strokeLinecap":"butt","strokeMiterlimit":"10","strokeWidth":40.96},{"fill":"none","strokeLinejoin":"miter","strokeLinecap":"butt","strokeMiterlimit":"10","strokeWidth":40.96},{"fill":"none","strokeLinejoin":"miter","strokeLinecap":"butt","strokeMiterlimit":"10","strokeWidth":40.96},{"fill":"none","strokeLinejoin":"miter","strokeLinecap":"butt","strokeMiterlimit":"10","strokeWidth":40.96},{"fill":"none","strokeLinejoin":"miter","strokeLinecap":"butt","strokeMiterlimit":"10","strokeWidth":40.96},{"fill":"none","strokeLinejoin":"miter","strokeLinecap":"butt","strokeMiterlimit":"10","strokeWidth":40.96},{"fill":"none","strokeLinejoin":"miter","strokeLinecap":"butt","strokeMiterlimit":"10","strokeWidth":40.96},{"fill":"none","strokeLinejoin":"miter","strokeLinecap":"butt","strokeMiterlimit":"10","strokeWidth":40.96},{"fill":"none","strokeLinejoin":"miter","strokeLinecap":"butt","strokeMiterlimit":"10","strokeWidth":40.96},{"fill":"none","strokeLinejoin":"miter","strokeLinecap":"butt","strokeMiterlimit":"10","strokeWidth":40.96},{"fill":"none","strokeLinejoin":"miter","strokeLinecap":"butt","strokeMiterlimit":"10","strokeWidth":40.96},{"fill":"none","strokeLinejoin":"miter","strokeLinecap":"butt","strokeMiterlimit":"10","strokeWidth":40.96}],"isMulticolor":false,"isMulticolor2":true,"grid":24,"tags":["artificial-intelligence"],"colorPermutations":{}},"attrs":[{"fill":"none","strokeLinejoin":"bevel","strokeLinecap":"butt","strokeMiterlimit":"4","strokeWidth":40.96},{"fill":"none","strokeLinejoin":"miter","strokeLinecap":"butt","strokeMiterlimit":"10","strokeWidth":40.96},{"fill":"none","strokeLinejoin":"miter","strokeLinecap":"butt","strokeMiterlimit":"10","strokeWidth":40.96},{"fill":"none","strokeLinejoin":"miter","strokeLinecap":"butt","strokeMiterlimit":"10","strokeWidth":40.96},{"fill":"none","strokeLinejoin":"miter","strokeLinecap":"butt","strokeMiterlimit":"10","strokeWidth":40.96},{"fill":"none","strokeLinejoin":"miter","strokeLinecap":"butt","strokeMiterlimit":"10","strokeWidth":40.96},{"fill":"none","strokeLinejoin":"miter","strokeLinecap":"butt","strokeMiterlimit":"10","strokeWidth":40.96},{"fill":"none","strokeLinejoin":"miter","strokeLinecap":"butt","strokeMiterlimit":"10","strokeWidth":40.96},{"fill":"none","strokeLinejoin":"miter","strokeLinecap":"butt","strokeMiterlimit":"10","strokeWidth":40.96},{"fill":"none","strokeLinejoin":"miter","strokeLinecap":"butt","strokeMiterlimit":"10","strokeWidth":40.96},{"fill":"none","strokeLinejoin":"miter","strokeLinecap":"butt","strokeMiterlimit":"10","strokeWidth":40.96},{"fill":"none","strokeLinejoin":"miter","strokeLinecap":"butt","strokeMiterlimit":"10","strokeWidth":40.96},{"fill":"none","strokeLinejoin":"miter","strokeLinecap":"butt","strokeMiterlimit":"10","strokeWidth":40.96}],"properties":{"order":27,"id":2,"prevSize":24,"code":59661,"name":"artificial-intelligence"},"setIdx":0,"setId":3,"iconIdx":0},{"icon":{"paths":["M938 726v-300h-170v300h170zM982 342q18 0 30 12t12 30v426q0 18-12 31t-30 13h-256q-18 0-31-13t-13-31v-426q0-18 13-30t31-12h256zM170 256v470h428v128h-598v-128h86v-470q0-34 25-60t59-26h768v86h-768z"],"attrs":[{}],"isMulticolor":false,"isMulticolor2":false,"tags":["devices","phonelink"],"grid":24},"attrs":[{}],"properties":{"order":22,"id":0,"name":"devices, phonelink","prevSize":24,"code":59651},"setIdx":1,"setId":2,"iconIdx":0},{"icon":{"paths":["M469.333 896c0-23.552-9.6-44.928-25.003-60.331s-36.779-25.003-60.331-25.003-44.928 9.6-60.331 25.003-25.003 36.779-25.003 60.331 9.6 44.928 25.003 60.331 36.779 25.003 60.331 25.003 44.928-9.6 60.331-25.003 25.003-36.779 25.003-60.331zM938.667 896c0-23.552-9.6-44.928-25.003-60.331s-36.779-25.003-60.331-25.003-44.928 9.6-60.331 25.003-25.003 36.779-25.003 60.331 9.6 44.928 25.003 60.331 36.779 25.003 60.331 25.003 44.928-9.6 60.331-25.003 25.003-36.779 25.003-60.331zM308.096 298.667h621.653l-58.496 306.816c-1.963 9.728-7.083 18.133-14.165 24.235-7.68 6.656-17.621 10.496-29.355 10.283h-415.317c-9.899 0.128-19.243-3.029-26.709-8.661-8.107-6.101-14.037-14.976-16.171-25.728zM42.667 85.333h135.68l36.181 180.864c4.608 18.645 21.419 32.469 41.472 32.469h52.096l-17.067-85.333h-35.029c-23.552 0-42.667 19.115-42.667 42.667 0 2.261 0.171 4.48 0.512 6.613 0.171 1.195 0.427 2.432 0.725 3.584l71.296 356.139c6.357 32.043 24.32 59.008 48.64 77.269 22.229 16.725 49.92 26.155 79.104 25.728h414.123c31.915 0.64 62.080-11.136 85.12-31.019 21.077-18.176 36.181-43.221 42.027-71.808l68.352-358.485c4.395-23.168-10.752-45.483-33.92-49.92-2.773-0.555-5.547-0.811-7.979-0.768h-690.347l-35.84-179.029c-4.011-19.712-21.205-34.304-41.813-34.304h-170.667c-23.552 0-42.667 19.115-42.667 42.667s19.115 42.667 42.667 42.667z"],"attrs":[{}],"isMulticolor":false,"isMulticolor2":false,"tags":["shopping-cart"],"grid":24},"attrs":[{}],"properties":{"order":1,"id":3,"name":"shopping-cart","prevSize":24,"code":59652},"setIdx":2,"setId":1,"iconIdx":0},{"icon":{"paths":["M712.832 798.165l256-256c16.683-16.683 16.683-43.691 0-60.331l-256-256c-16.683-16.683-43.691-16.683-60.331 0s-16.683 43.691 0 60.331l225.835 225.835-225.835 225.835c-16.683 16.683-16.683 43.691 0 60.331s43.691 16.683 60.331 0zM311.168 225.835l-256 256c-16.683 16.683-16.683 43.691 0 60.331l256 256c16.683 16.683 43.691 16.683 60.331 0s16.683-43.691 0-60.331l-225.835-225.835 225.835-225.835c16.683-16.683 16.683-43.691 0-60.331s-43.691-16.683-60.331 0z"],"attrs":[{}],"isMulticolor":false,"isMulticolor2":false,"tags":["code"],"grid":24},"attrs":[{}],"properties":{"order":1,"id":2,"name":"code","prevSize":24,"code":59653},"setIdx":2,"setId":1,"iconIdx":1},{"icon":{"paths":["M243.499 542.165l225.835-225.835v494.336c0 23.552 19.115 42.667 42.667 42.667s42.667-19.115 42.667-42.667v-494.336l225.835 225.835c16.683 16.683 43.691 16.683 60.331 0s16.683-43.691 0-60.331l-298.667-298.667c-3.925-3.925-8.619-7.083-13.824-9.259s-10.795-3.243-16.341-3.243c-10.923 0-21.845 4.181-30.165 12.501l-298.667 298.667c-16.683 16.683-16.683 43.691 0 60.331s43.691 16.683 60.331 0z"],"attrs":[{}],"isMulticolor":false,"isMulticolor2":false,"tags":["arrow-up"],"grid":24},"attrs":[{}],"properties":{"order":1,"id":1,"prevSize":24,"code":59660,"name":"arrow-up"},"setIdx":2,"setId":1,"iconIdx":2},{"icon":{"paths":["M981.333 721.92c0.683-30.464-10.069-59.904-28.715-82.901-19.627-24.149-48.171-41.259-82.133-46.080-34.133-4.181-72.32-13.397-110.336-27.563-18.475-6.784-38.101-9.301-57.344-7.424-28.288 2.731-55.765 14.891-77.611 36.48l-30.72 30.72c-75.52-47.659-143.36-113.792-195.541-195.797l30.976-30.976c13.739-14.080 24.021-30.976 30.165-49.323 9.045-26.965 9.131-57.003-1.664-85.803-12.331-32.128-22.101-70.144-27.477-110.72-4.437-30.464-19.456-57.387-41.088-76.971-22.997-20.736-53.589-33.237-86.485-32.896h-127.829c-3.755 0-7.765 0.171-11.648 0.512-35.157 3.2-65.792 20.395-86.741 45.483s-32.341 58.325-29.141 93.824c12.8 131.243 58.24 266.368 137.216 388.352 64.085 102.955 155.648 197.248 268.715 269.056 109.568 72.405 242.517 122.112 387.669 137.856 3.925 0.384 8.149 0.555 12.288 0.555 35.328-0.128 67.328-14.635 90.368-37.845s37.248-55.339 37.12-90.496zM896 721.92v128c0.043 11.947-4.651 22.613-12.373 30.379s-18.304 12.587-30.123 12.629c-134.357-14.336-254.336-59.349-352.555-124.245-103.595-65.835-185.984-150.912-243.285-242.944-72.405-111.787-113.28-233.856-124.757-351.488-1.024-11.435 2.731-22.443 9.771-30.891s17.195-14.080 28.928-15.147l131.755-0.213c11.563-0.128 21.632 4.011 29.312 10.923 7.253 6.571 12.288 15.616 13.781 25.941 6.059 45.739 17.408 90.325 32.299 129.067 3.456 9.216 3.413 19.072 0.427 28.075-2.091 6.187-5.589 11.989-10.325 16.853l-53.845 53.803c-13.824 13.824-16.171 34.731-6.912 51.243 67.584 118.827 163.797 211.499 272.256 272.128 16.939 9.472 37.632 6.144 50.987-7.083l54.187-54.187c7.083-6.997 16.085-10.965 25.515-11.904 6.485-0.64 13.227 0.213 19.584 2.56 43.605 16.256 88.32 27.136 129.451 32.171 10.283 1.451 19.712 7.083 26.24 15.147 6.272 7.723 9.856 17.579 9.643 29.099z"],"attrs":[{}],"isMulticolor":false,"isMulticolor2":false,"tags":["phone"],"grid":24},"attrs":[{}],"properties":{"order":3,"id":0,"prevSize":24,"code":59648,"name":"phone"},"setIdx":2,"setId":1,"iconIdx":3},{"icon":{"paths":["M85.333 512c0-23.565 19.103-42.667 42.667-42.667h768c23.565 0 42.667 19.102 42.667 42.667s-19.102 42.667-42.667 42.667h-768c-23.564 0-42.667-19.102-42.667-42.667z","M85.333 256c0-23.564 19.103-42.667 42.667-42.667h768c23.565 0 42.667 19.103 42.667 42.667s-19.102 42.667-42.667 42.667h-768c-23.564 0-42.667-19.103-42.667-42.667z","M85.333 768c0-23.565 19.103-42.667 42.667-42.667h768c23.565 0 42.667 19.102 42.667 42.667s-19.102 42.667-42.667 42.667h-768c-23.564 0-42.667-19.102-42.667-42.667z"],"attrs":[],"isMulticolor":false,"isMulticolor2":false,"grid":24,"tags":["menu"],"colorPermutations":{}},"attrs":[],"properties":{"order":16,"id":11,"name":"menu","prevSize":24,"code":59649},"setIdx":3,"setId":0,"iconIdx":0},{"icon":{"paths":["M798.17 225.83c16.661 16.663 16.661 43.677 0 60.34l-512 512c-16.663 16.661-43.677 16.661-60.34 0s-16.662-43.678 0-60.339l512-512c16.661-16.662 43.678-16.662 60.339 0z","M225.83 225.83c16.663-16.662 43.677-16.662 60.34 0l512 512c16.661 16.661 16.661 43.678 0 60.339s-43.678 16.661-60.339 0l-512-512c-16.662-16.663-16.662-43.677 0-60.34z"],"attrs":[],"isMulticolor":false,"isMulticolor2":false,"grid":24,"tags":["close"],"colorPermutations":{}},"attrs":[],"properties":{"order":5,"id":10,"name":"close","prevSize":24,"code":59650},"setIdx":3,"setId":0,"iconIdx":1},{"icon":{"paths":["M511.996 128c0 0 0.004 0 0.004 42.667v42.667l-3.221 0.005c-2.133 0.005-5.286 0.014-9.335 0.033-8.094 0.038-19.763 0.114-34.001 0.266-28.489 0.305-67.192 0.914-108.121 2.13-40.997 1.218-83.887 3.036-120.857 5.732-37.893 2.764-66.048 6.238-80.076 9.932-12.745 3.661-24.31 10.596-33.545 20.116-9.009 9.287-15.49 20.716-18.839 33.199-12.78 71.408-19.031 143.831-18.672 216.378l0.003 0.478c-0.457 72.841 5.745 145.57 18.536 217.276 3.696 11.849 10.243 22.618 19.076 31.36 9.255 9.161 20.709 15.787 33.261 19.243 13.966 3.712 42.2 7.202 80.256 9.98 36.97 2.697 79.86 4.514 120.857 5.73 40.929 1.216 79.633 1.826 108.121 2.133 14.238 0.149 25.907 0.226 34.001 0.265 4.049 0.021 7.202 0.030 9.335 0.034h6.443c2.133-0.004 5.286-0.013 9.335-0.034 8.098-0.038 19.763-0.115 34.001-0.265 28.493-0.307 67.191-0.917 108.122-2.133 40.998-1.216 83.887-3.034 120.858-5.73 37.892-2.765 66.048-6.238 80.077-9.933 12.745-3.661 24.307-10.594 33.545-20.117 9.007-9.284 15.488-20.715 18.837-33.195 12.681-70.869 18.931-142.737 18.671-214.729v-0.422c0.457-73.092-5.79-146.074-18.671-218.024-3.349-12.483-9.83-23.912-18.837-33.199-9.131-9.411-20.535-16.296-33.109-19.989-14.502-3.412-42.765-6.557-80.243-9.053-37.047-2.467-79.996-4.128-121.015-5.242-40.96-1.111-79.689-1.668-108.194-1.946-14.246-0.139-25.92-0.209-34.022-0.243l-12.574-0.035v-42.667c0-42.667-0.004-42.667-0.004-42.667l3.405 0.004c2.197 0.005 5.419 0.014 9.54 0.031 8.235 0.035 20.070 0.106 34.487 0.247 28.83 0.282 68.075 0.845 109.675 1.974 41.54 1.127 85.739 2.825 124.373 5.399 37.53 2.499 73.148 6.006 95.578 11.483 0.503 0.122 0.998 0.253 1.493 0.394 27.311 7.727 52.1 22.523 71.863 42.896 19.759 20.372 33.796 45.6 40.687 73.132 0.23 0.922 0.431 1.851 0.597 2.786 13.99 77.556 20.787 156.238 20.305 235.043 0.269 77.628-6.528 155.119-20.305 231.514-0.166 0.939-0.367 1.869-0.597 2.79-6.891 27.533-20.928 52.762-40.687 73.135-19.763 20.369-44.553 35.166-71.863 42.893l-0.589 0.162c-22.771 6.093-58.697 9.95-96.213 12.685-38.711 2.825-82.97 4.685-124.531 5.922-41.63 1.237-80.9 1.852-109.743 2.163-14.43 0.154-26.27 0.23-34.513 0.269-4.122 0.017-7.347 0.030-9.549 0.034l-3.388 0.004-3.43-0.004c-2.202-0.004-5.427-0.017-9.549-0.034-8.243-0.038-20.083-0.115-34.513-0.269-28.838-0.311-68.112-0.926-109.743-2.163-41.562-1.237-85.82-3.098-124.529-5.922-37.517-2.735-73.444-6.592-96.213-12.685l-0.237-0.060c-26.755-7.322-51.17-21.419-70.885-40.934-19.715-19.511-34.065-43.776-41.663-70.455-0.386-1.353-0.704-2.726-0.954-4.113-13.988-77.547-20.785-156.22-20.305-235.017-0.372-78.205 6.425-156.282 20.305-233.249 0.169-0.936 0.369-1.865 0.6-2.788 6.891-27.533 20.927-52.76 40.688-73.132s44.55-35.17 71.86-42.896l0.592-0.163c22.769-6.089 58.696-9.946 96.213-12.682 38.71-2.823 82.967-4.686 124.529-5.921 41.631-1.237 80.905-1.854 109.743-2.163 14.43-0.154 26.27-0.231 34.513-0.27 4.122-0.019 7.347-0.029 9.549-0.034l3.405-0.005z","M394.546 324.932c13.133-7.64 29.338-7.719 42.544-0.208l245.333 139.519c13.338 7.586 21.577 21.747 21.577 37.090s-8.239 29.504-21.577 37.086l-245.333 139.52c-13.205 7.514-29.411 7.433-42.544-0.205-13.133-7.642-21.213-21.687-21.213-36.881v-279.041c0-15.194 8.080-29.241 21.213-36.881zM458.667 435.162v132.343l116.356-66.172-116.356-66.172z"],"attrs":[],"isMulticolor":false,"isMulticolor2":false,"grid":24,"tags":["youtube"],"colorPermutations":{}},"attrs":[],"properties":{"order":9,"id":6,"name":"youtube","prevSize":24,"code":59654},"setIdx":3,"setId":0,"iconIdx":5},{"icon":{"paths":["M458.982 117.647c48.009-48.009 113.122-74.981 181.018-74.981h128c23.565 0 42.667 19.103 42.667 42.667v170.667c0 23.564-19.102 42.667-42.667 42.667h-128v85.333h128c13.137 0 25.545 6.053 33.63 16.409s10.948 23.859 7.761 36.604l-42.667 170.667c-4.745 18.995-21.811 32.32-41.391 32.32h-85.333v298.667c0 23.565-19.102 42.667-42.667 42.667h-170.667c-23.564 0-42.667-19.102-42.667-42.667v-298.667h-85.333c-23.564 0-42.667-19.102-42.667-42.667v-170.667c0-23.564 19.103-42.667 42.667-42.667h85.333v-85.333c0-67.895 26.971-133.010 74.982-181.019zM640 128c-45.265 0-88.674 17.981-120.678 49.987-32.009 32.006-49.988 75.416-49.988 120.68v128c0 23.565-19.102 42.667-42.667 42.667h-85.333v85.333h85.333c23.565 0 42.667 19.102 42.667 42.667v298.667h85.333v-298.667c0-23.565 19.102-42.667 42.667-42.667h94.686l21.333-85.333h-116.019c-23.565 0-42.667-19.102-42.667-42.667v-128c0-22.632 8.99-44.337 24.994-60.34s37.709-24.994 60.339-24.994h85.333v-85.333h-85.333z"],"attrs":[],"isMulticolor":false,"isMulticolor2":false,"grid":24,"tags":["facebook"],"colorPermutations":{}},"attrs":[],"properties":{"order":10,"id":5,"name":"facebook","prevSize":24,"code":59655},"setIdx":3,"setId":0,"iconIdx":6},{"icon":{"paths":["M298.666 128c-94.257 0-170.667 76.41-170.667 170.667v426.667c0 94.255 76.41 170.667 170.667 170.667h426.667c94.255 0 170.667-76.412 170.667-170.667v-426.667c0-94.257-76.412-170.667-170.667-170.667h-426.667zM42.666 298.667c0-141.385 114.615-256 256-256h426.667c141.385 0 256 114.615 256 256v426.667c0 141.385-114.615 256-256 256h-426.667c-141.385 0-256-114.615-256-256v-426.667z","M532.621 383.541c-26.633-3.949-53.828 0.6-77.726 13s-43.279 32.020-55.383 56.067c-12.105 24.051-16.317 51.302-12.040 77.884s16.827 51.136 35.864 70.174c19.036 19.038 43.595 31.586 70.176 35.866 26.577 4.275 53.833 0.064 77.879-12.041 24.051-12.105 43.669-31.484 56.068-55.381 12.403-23.898 16.951-51.098 13.001-77.73-4.028-27.166-16.687-52.314-36.105-71.732s-44.57-32.077-71.735-36.106zM415.591 320.797c39.829-20.667 85.162-28.248 129.548-21.667 45.274 6.714 87.189 27.811 119.556 60.177s53.461 74.28 60.177 119.558c6.579 44.386-0.998 89.715-21.666 129.545s-53.367 72.128-93.449 92.305c-40.081 20.173-85.504 27.196-129.805 20.066s-85.228-28.045-116.957-59.776c-31.729-31.727-52.646-72.653-59.774-116.958-7.129-44.301-0.107-89.724 20.067-129.803 20.174-40.081 52.472-72.78 92.302-93.447z","M704 277.333c0-23.564 19.102-42.667 42.667-42.667h0.427c23.565 0 42.667 19.103 42.667 42.667s-19.102 42.667-42.667 42.667h-0.427c-23.565 0-42.667-19.103-42.667-42.667z"],"attrs":[],"isMulticolor":false,"isMulticolor2":false,"grid":24,"tags":["instagram"],"colorPermutations":{}},"attrs":[],"properties":{"order":11,"id":4,"name":"instagram","prevSize":24,"code":59656},"setIdx":3,"setId":0,"iconIdx":7},{"icon":{"paths":["M708.267 597.333c-8.533-4.267-64-29.867-72.533-34.133s-17.067-4.267-25.6 4.267c-8.533 8.533-25.6 34.133-34.133 42.667-4.267 8.533-12.8 8.533-21.333 4.267-29.867-12.8-59.733-29.867-85.333-51.2-21.333-21.333-42.667-46.933-59.733-72.533-4.267-8.533 0-17.067 4.267-21.333s8.533-12.8 17.067-17.067c4.267-4.267 8.533-12.8 8.533-17.067 4.267-4.267 4.267-12.801 0-17.068s-25.6-55.467-34.133-76.8c-4.267-29.867-12.8-29.867-21.333-29.867-4.267 0-12.8 0-21.333 0s-21.333 8.533-25.6 12.8c-25.6 25.6-38.4 55.467-38.4 89.6 4.267 38.401 17.067 76.801 42.667 110.934 46.933 68.267 106.667 123.733 179.2 157.867 21.333 8.533 38.4 17.067 59.733 21.333 21.333 8.533 42.667 8.533 68.267 4.267 29.867-4.267 55.467-25.6 72.533-51.2 8.533-17.067 8.533-34.133 4.267-51.2 0 0-8.533-4.267-17.067-8.533zM814.933 209.066c-166.4-166.4-435.2-166.4-601.6 0-136.533 136.533-162.133 345.601-68.267 512.001l-59.733 217.6 226.133-59.733c64 34.133 132.267 51.2 200.533 51.2 234.667 0 422.4-187.733 422.4-422.4 4.267-110.935-42.667-217.601-119.467-298.668zM699.733 806.4c-55.467 34.133-119.467 55.467-187.733 55.467-64 0-123.733-17.067-179.2-46.933l-12.8-8.533-132.267 34.133 34.133-128-8.533-12.8c-102.4-170.667-51.2-384.001 115.2-490.668s379.733-51.2 482.133 110.933c102.4 166.401 55.467 384.001-110.933 486.401z"],"attrs":[],"isMulticolor":false,"isMulticolor2":false,"grid":24,"tags":["whatsapp"],"colorPermutations":{}},"attrs":[],"properties":{"order":12,"id":3,"name":"whatsapp","prevSize":24,"code":59657},"setIdx":3,"setId":0,"iconIdx":8},{"icon":{"paths":["M170.667 213.333c-23.369 0-42.667 19.297-42.667 42.667v512c0 23.369 19.297 42.667 42.667 42.667h682.667c23.369 0 42.667-19.298 42.667-42.667v-512c0-23.369-19.298-42.667-42.667-42.667h-682.667zM42.667 256c0-70.497 57.503-128 128-128h682.667c70.498 0 128 57.503 128 128v512c0 70.498-57.502 128-128 128h-682.667c-70.497 0-128-57.502-128-128v-512z","M50.38 231.533c13.513-19.305 40.117-23.999 59.421-10.486l402.199 281.541 402.197-281.541c19.307-13.513 45.909-8.818 59.422 10.486s8.819 45.908-10.483 59.422l-426.667 298.668c-14.694 10.283-34.244 10.283-48.939 0l-426.665-298.668c-19.305-13.513-23.999-40.117-10.486-59.422z"],"attrs":[],"isMulticolor":false,"isMulticolor2":false,"grid":24,"tags":["mail"],"colorPermutations":{}},"attrs":[],"properties":{"order":13,"id":1,"name":"mail","prevSize":24,"code":59658},"setIdx":3,"setId":0,"iconIdx":9},{"icon":{"paths":["M512 85.333c-90.527 0-177.347 35.962-241.359 99.974s-99.974 150.832-99.974 241.359c0 132.186 86.005 260.45 180.307 359.991 46.279 48.849 92.704 88.841 127.605 116.629 12.988 10.347 24.333 18.961 33.421 25.677 9.088-6.716 20.433-15.33 33.421-25.677 34.901-27.789 81.327-67.78 127.603-116.629 94.306-99.541 180.309-227.806 180.309-359.991 0-90.527-35.964-177.347-99.972-241.359-64.013-64.013-150.835-99.974-241.361-99.974zM512 981.333c-23.667 35.503-23.68 35.494-23.689 35.486l-0.124-0.081-0.286-0.192-0.977-0.661c-0.832-0.563-2.014-1.374-3.529-2.423-3.034-2.099-7.386-5.158-12.877-9.122-10.978-7.927-26.513-19.499-45.098-34.295-37.098-29.542-86.674-72.218-136.396-124.702-97.698-103.121-203.693-252.194-203.693-418.675 0-113.159 44.952-221.683 124.968-301.699s188.54-124.968 301.699-124.968c113.161 0 221.683 44.952 301.7 124.968 80.013 80.016 124.966 188.54 124.966 301.699 0 166.481-105.997 315.554-203.691 418.675-49.724 52.484-99.298 95.159-136.397 124.702-18.586 14.797-34.121 26.368-45.099 34.295-5.491 3.964-9.843 7.023-12.877 9.122-1.515 1.050-2.697 1.86-3.529 2.423l-0.977 0.661-0.286 0.192-0.090 0.060c-0.013 0.009-0.055 0.038-23.723-35.465zM512 981.333l23.667 35.503c-14.332 9.553-33.024 9.536-47.356-0.017l23.689-35.486z","M725.333 426.667c0-117.821-95.514-213.333-213.333-213.333s-213.333 95.513-213.333 213.333c0 117.82 95.513 213.333 213.333 213.333s213.333-95.514 213.333-213.333zM640 426.667c0 70.694-57.306 128-128 128s-128-57.306-128-128c0-70.692 57.306-128 128-128s128 57.308 128 128z"],"attrs":[],"isMulticolor":false,"isMulticolor2":false,"grid":24,"tags":["map-pin"],"colorPermutations":{}},"attrs":[],"properties":{"order":14,"id":0,"name":"map-pin","prevSize":24,"code":59659},"setIdx":3,"setId":0,"iconIdx":10}],"height":1024,"metadata":{"name":"icomoon"},"preferences":{"showGlyphs":true,"showQuickUse":true,"showQuickUse2":true,"showSVGs":true,"fontPref":{"prefix":"icon-","metadata":{"fontFamily":"icomoon"},"metrics":{"emSize":1024,"baseline":6.25,"whitespace":50},"embed":false},"imagePref":{"prefix":"icon-","png":true,"useClassSelector":true,"color":0,"bgColor":16777215,"classSelector":".icon"},"historySize":50,"showCodes":true,"gridSize":16}}